{
  "loss": 1.3360150073255812,
  "accuracy": 0.4196969696969697,
  "classification_report": {
    "Agreeableness": {
      "precision": 0.4084507042253521,
      "recall": 0.4233576642335766,
      "f1-score": 0.4157706093189964,
      "support": 137.0
    },
    "Conscientiousness": {
      "precision": 0.4,
      "recall": 0.6412213740458015,
      "f1-score": 0.49266862170087977,
      "support": 131.0
    },
    "Extraversion": {
      "precision": 0.7777777777777778,
      "recall": 0.5,
      "f1-score": 0.6086956521739131,
      "support": 112.0
    },
    "Neuroticism": {
      "precision": 0.23255813953488372,
      "recall": 0.22058823529411764,
      "f1-score": 0.22641509433962265,
      "support": 136.0
    },
    "Openness": {
      "precision": 0.45794392523364486,
      "recall": 0.3402777777777778,
      "f1-score": 0.3904382470119522,
      "support": 144.0
    },
    "accuracy": 0.4196969696969697,
    "macro avg": {
      "precision": 0.45534610935433173,
      "recall": 0.4250890102702547,
      "f1-score": 0.4267976449090728,
      "support": 660.0
    },
    "weighted avg": {
      "precision": 0.4440010451520809,
      "recall": 0.4196969696969697,
      "f1-score": 0.41922672176197845,
      "support": 660.0
    }
  },
  "confusion_matrix": [
    [
      58,
      10,
      8,
      47,
      14
    ],
    [
      22,
      84,
      0,
      13,
      12
    ],
    [
      17,
      12,
      56,
      8,
      19
    ],
    [
      20,
      67,
      6,
      30,
      13
    ],
    [
      25,
      37,
      2,
      31,
      49
    ]
  ]
}