{
  "loss": 1.2449850014277868,
  "accuracy": 0.4863636363636364,
  "classification_report": {
    "Agreeableness": {
      "precision": 0.554140127388535,
      "recall": 0.635036496350365,
      "f1-score": 0.5918367346938775,
      "support": 137.0
    },
    "Conscientiousness": {
      "precision": 0.3269230769230769,
      "recall": 0.7786259541984732,
      "f1-score": 0.4604966139954853,
      "support": 131.0
    },
    "Extraversion": {
      "precision": 0.9354838709677419,
      "recall": 0.7767857142857143,
      "f1-score": 0.848780487804878,
      "support": 112.0
    },
    "Neuroticism": {
      "precision": 0.17857142857142858,
      "recall": 0.03676470588235294,
      "f1-score": 0.06097560975609756,
      "support": 136.0
    },
    "Openness": {
      "precision": 0.5714285714285714,
      "recall": 0.2777777777777778,
      "f1-score": 0.37383177570093457,
      "support": 144.0
    },
    "accuracy": 0.4863636363636364,
    "macro avg": {
      "precision": 0.5133094150558708,
      "recall": 0.5009981296989366,
      "f1-score": 0.46718424439025463,
      "support": 660.0
    },
    "weighted avg": {
      "precision": 0.5001359737105576,
      "recall": 0.4863636363636364,
      "f1-score": 0.4524160035581514,
      "support": 660.0
    }
  },
  "confusion_matrix": [
    [
      87,
      22,
      3,
      10,
      15
    ],
    [
      17,
      102,
      0,
      5,
      7
    ],
    [
      21,
      1,
      87,
      1,
      2
    ],
    [
      17,
      105,
      3,
      5,
      6
    ],
    [
      15,
      82,
      0,
      7,
      40
    ]
  ]
}