{
  "loss": 1.1350072480383373,
  "accuracy": 0.4393939393939394,
  "classification_report": {
    "Agreeableness": {
      "precision": 0.19642857142857142,
      "recall": 0.08029197080291971,
      "f1-score": 0.11398963730569948,
      "support": 137.0
    },
    "Conscientiousness": {
      "precision": 0.5423728813559322,
      "recall": 0.24427480916030533,
      "f1-score": 0.3368421052631579,
      "support": 131.0
    },
    "Extraversion": {
      "precision": 0.8373983739837398,
      "recall": 0.9196428571428571,
      "f1-score": 0.8765957446808511,
      "support": 112.0
    },
    "Neuroticism": {
      "precision": 0.32558139534883723,
      "recall": 0.8235294117647058,
      "f1-score": 0.4666666666666667,
      "support": 136.0
    },
    "Openness": {
      "precision": 0.41025641025641024,
      "recall": 0.2222222222222222,
      "f1-score": 0.2882882882882883,
      "support": 144.0
    },
    "accuracy": 0.4393939393939394,
    "macro avg": {
      "precision": 0.4624075264746982,
      "recall": 0.457992254218602,
      "f1-score": 0.4164764884409327,
      "support": 660.0
    },
    "weighted avg": {
      "precision": 0.4471305643543715,
      "recall": 0.4393939393939394,
      "f1-score": 0.3983360601284697,
      "support": 660.0
    }
  },
  "confusion_matrix": [
    [
      11,
      9,
      13,
      75,
      29
    ],
    [
      19,
      32,
      0,
      72,
      8
    ],
    [
      1,
      0,
      103,
      8,
      0
    ],
    [
      7,
      1,
      7,
      112,
      9
    ],
    [
      18,
      17,
      0,
      77,
      32
    ]
  ]
}