{
  "loss": 1.3782146714982533,
  "accuracy": 0.39545454545454545,
  "classification_report": {
    "Agreeableness": {
      "precision": 0.3492063492063492,
      "recall": 0.16058394160583941,
      "f1-score": 0.22,
      "support": 137.0
    },
    "Conscientiousness": {
      "precision": 0.44936708860759494,
      "recall": 0.5419847328244275,
      "f1-score": 0.4913494809688581,
      "support": 131.0
    },
    "Extraversion": {
      "precision": 0.6593406593406593,
      "recall": 0.5357142857142857,
      "f1-score": 0.5911330049261084,
      "support": 112.0
    },
    "Neuroticism": {
      "precision": 0.24324324324324326,
      "recall": 0.2647058823529412,
      "f1-score": 0.2535211267605634,
      "support": 136.0
    },
    "Openness": {
      "precision": 0.36,
      "recall": 0.5,
      "f1-score": 0.4186046511627907,
      "support": 144.0
    },
    "accuracy": 0.39545454545454545,
    "macro avg": {
      "precision": 0.4122314680795694,
      "recall": 0.40059776849949874,
      "f1-score": 0.39492165276366414,
      "support": 660.0
    },
    "weighted avg": {
      "precision": 0.40223574753954494,
      "recall": 0.39545454545454545,
      "f1-score": 0.3870782144932167,
      "support": 660.0
    }
  },
  "confusion_matrix": [
    [
      22,
      10,
      4,
      62,
      39
    ],
    [
      3,
      71,
      0,
      21,
      36
    ],
    [
      18,
      0,
      60,
      8,
      26
    ],
    [
      12,
      34,
      27,
      36,
      27
    ],
    [
      8,
      43,
      0,
      21,
      72
    ]
  ]
}