{
  "loss": 1.651128425484612,
  "accuracy": 0.38484848484848483,
  "classification_report": {
    "Agreeableness": {
      "precision": 0.21875,
      "recall": 0.051094890510948905,
      "f1-score": 0.08284023668639054,
      "support": 137.0
    },
    "Conscientiousness": {
      "precision": 0.3784860557768924,
      "recall": 0.7251908396946565,
      "f1-score": 0.4973821989528796,
      "support": 131.0
    },
    "Extraversion": {
      "precision": 0.37404580152671757,
      "recall": 0.4375,
      "f1-score": 0.40329218106995884,
      "support": 112.0
    },
    "Neuroticism": {
      "precision": 0.38016528925619836,
      "recall": 0.3382352941176471,
      "f1-score": 0.35797665369649806,
      "support": 136.0
    },
    "Openness": {
      "precision": 0.456,
      "recall": 0.3958333333333333,
      "f1-score": 0.42379182156133827,
      "support": 144.0
    },
    "accuracy": 0.38484848484848483,
    "macro avg": {
      "precision": 0.36148942931196165,
      "recall": 0.3895708715313172,
      "f1-score": 0.35305661839341307,
      "support": 660.0
    },
    "weighted avg": {
      "precision": 0.36183338244940644,
      "recall": 0.38484848484848483,
      "f1-score": 0.3505844726912948,
      "support": 660.0
    }
  },
  "confusion_matrix": [
    [
      7,
      28,
      47,
      31,
      24
    ],
    [
      9,
      95,
      0,
      6,
      21
    ],
    [
      8,
      0,
      49,
      37,
      18
    ],
    [
      6,
      45,
      34,
      46,
      5
    ],
    [
      2,
      83,
      1,
      1,
      57
    ]
  ]
}