{
  "loss": 1.1392986213877088,
  "accuracy": 0.4484848484848485,
  "classification_report": {
    "Agreeableness": {
      "precision": 0.24193548387096775,
      "recall": 0.10948905109489052,
      "f1-score": 0.1507537688442211,
      "support": 137.0
    },
    "Conscientiousness": {
      "precision": 0.6666666666666666,
      "recall": 0.2748091603053435,
      "f1-score": 0.3891891891891892,
      "support": 131.0
    },
    "Extraversion": {
      "precision": 0.8292682926829268,
      "recall": 0.9107142857142857,
      "f1-score": 0.8680851063829788,
      "support": 112.0
    },
    "Neuroticism": {
      "precision": 0.32456140350877194,
      "recall": 0.8161764705882353,
      "f1-score": 0.46443514644351463,
      "support": 136.0
    },
    "Openness": {
      "precision": 0.4050632911392405,
      "recall": 0.2222222222222222,
      "f1-score": 0.28699551569506726,
      "support": 144.0
    },
    "accuracy": 0.4484848484848485,
    "macro avg": {
      "precision": 0.49349902757371467,
      "recall": 0.4666822379849954,
      "f1-score": 0.43189174531099417,
      "support": 660.0
    },
    "weighted avg": {
      "precision": 0.47852425485664746,
      "recall": 0.4484848484848485,
      "f1-score": 0.4141713881920354,
      "support": 660.0
    }
  },
  "confusion_matrix": [
    [
      15,
      4,
      16,
      74,
      28
    ],
    [
      20,
      36,
      0,
      69,
      6
    ],
    [
      2,
      0,
      102,
      8,
      0
    ],
    [
      6,
      1,
      5,
      111,
      13
    ],
    [
      19,
      13,
      0,
      80,
      32
    ]
  ]
}