{
  "loss": 1.7174686534064156,
  "accuracy": 0.41363636363636364,
  "classification_report": {
    "Agreeableness": {
      "precision": 0.4166666666666667,
      "recall": 0.291970802919708,
      "f1-score": 0.34334763948497854,
      "support": 137.0
    },
    "Conscientiousness": {
      "precision": 0.5217391304347826,
      "recall": 0.2748091603053435,
      "f1-score": 0.36,
      "support": 131.0
    },
    "Extraversion": {
      "precision": 0.47115384615384615,
      "recall": 0.4375,
      "f1-score": 0.4537037037037037,
      "support": 112.0
    },
    "Neuroticism": {
      "precision": 0.32371794871794873,
      "recall": 0.7426470588235294,
      "f1-score": 0.45089285714285715,
      "support": 136.0
    },
    "Openness": {
      "precision": 0.5949367088607594,
      "recall": 0.3263888888888889,
      "f1-score": 0.42152466367713004,
      "support": 144.0
    },
    "accuracy": 0.41363636363636364,
    "macro avg": {
      "precision": 0.4656428601668007,
      "recall": 0.414663182187494,
      "f1-score": 0.4058937728017339,
      "support": 660.0
    },
    "weighted avg": {
      "precision": 0.46651048074410756,
      "recall": 0.41363636363636364,
      "f1-score": 0.4045976084321093,
      "support": 660.0
    }
  },
  "confusion_matrix": [
    [
      40,
      4,
      52,
      21,
      20
    ],
    [
      18,
      36,
      0,
      70,
      7
    ],
    [
      8,
      0,
      49,
      52,
      3
    ],
    [
      27,
      3,
      3,
      101,
      2
    ],
    [
      3,
      26,
      0,
      68,
      47
    ]
  ]
}